<?xml version="1.0" encoding="UTF-8"?>
<GenRun Id="impl_1" LaunchPart="xc7z020clg400-1" LaunchTime="1728895235">
  <File Type="ROUTE-PWR" Name="votingMachine_power_routed.rpt"/>
  <File Type="PA-TCL" Name="votingMachine.tcl"/>
  <File Type="ROUTE-PWR-SUM" Name="votingMachine_power_summary_routed.pb"/>
  <File Type="REPORTS-TCL" Name="votingMachine_reports.tcl"/>
  <File Type="OPT-RQA-PB" Name="votingMachine_rqa_opted.pb"/>
  <File Type="BITSTR-MMI" Name="votingMachine.mmi"/>
  <File Type="OPT-METHODOLOGY-DRC" Name="votingMachine_methodology_drc_opted.rpt"/>
  <File Type="INIT-TIMING" Name="votingMachine_timing_summary_init.rpt"/>
  <File Type="OPT-TIMING" Name="votingMachine_timing_summary_opted.rpt"/>
  <File Type="OPT-DCP" Name="votingMachine_opt.dcp"/>
  <File Type="OPT-DRC" Name="votingMachine_drc_opted.rpt"/>
  <File Type="OPT-HWDEF" Name="votingMachine.hwdef"/>
  <File Type="PWROPT-DCP" Name="votingMachine_pwropt.dcp"/>
  <File Type="PWROPT-DRC" Name="votingMachine_drc_pwropted.rpt"/>
  <File Type="PWROPT-TIMING" Name="votingMachine_timing_summary_pwropted.rpt"/>
  <File Type="PLACE-DCP" Name="votingMachine_placed.dcp"/>
  <File Type="PLACE-IO" Name="votingMachine_io_placed.rpt"/>
  <File Type="PLACE-CLK" Name="votingMachine_clock_utilization_placed.rpt"/>
  <File Type="PLACE-UTIL" Name="votingMachine_utilization_placed.rpt"/>
  <File Type="PLACE-UTIL-PB" Name="votingMachine_utilization_placed.pb"/>
  <File Type="PLACE-CTRL" Name="votingMachine_control_sets_placed.rpt"/>
  <File Type="PLACE-SIMILARITY" Name="votingMachine_incremental_reuse_placed.rpt"/>
  <File Type="PLACE-PRE-SIMILARITY" Name="votingMachine_incremental_reuse_pre_placed.rpt"/>
  <File Type="BG-BIN" Name="votingMachine.bin"/>
  <File Type="PLACE-TIMING" Name="votingMachine_timing_summary_placed.rpt"/>
  <File Type="ROUTE-PWR-RPX" Name="votingMachine_power_routed.rpx"/>
  <File Type="PLACE-RQA-PB" Name="votingMachine_rqa_placed.pb"/>
  <File Type="POSTPLACE-PWROPT-DCP" Name="votingMachine_postplace_pwropt.dcp"/>
  <File Type="BITSTR-MSK" Name="votingMachine.msk"/>
  <File Type="POSTPLACE-PWROPT-TIMING" Name="votingMachine_timing_summary_postplace_pwropted.rpt"/>
  <File Type="PHYSOPT-DCP" Name="votingMachine_physopt.dcp"/>
  <File Type="PHYSOPT-DRC" Name="votingMachine_drc_physopted.rpt"/>
  <File Type="BITSTR-RBT" Name="votingMachine.rbt"/>
  <File Type="PHYSOPT-TIMING" Name="votingMachine_timing_summary_physopted.rpt"/>
  <File Type="ROUTE-ERROR-DCP" Name="votingMachine_routed_error.dcp"/>
  <File Type="ROUTE-DCP" Name="votingMachine_routed.dcp"/>
  <File Type="ROUTE-BLACKBOX-DCP" Name="votingMachine_routed_bb.dcp"/>
  <File Type="ROUTE-DRC" Name="votingMachine_drc_routed.rpt"/>
  <File Type="ROUTE-DRC-PB" Name="votingMachine_drc_routed.pb"/>
  <File Type="ROUTE-DRC-RPX" Name="votingMachine_drc_routed.rpx"/>
  <File Type="ROUTE-METHODOLOGY-DRC" Name="votingMachine_methodology_drc_routed.rpt"/>
  <File Type="ROUTE-METHODOLOGY-DRC-RPX" Name="votingMachine_methodology_drc_routed.rpx"/>
  <File Type="ROUTE-METHODOLOGY-DRC-PB" Name="votingMachine_methodology_drc_routed.pb"/>
  <File Type="ROUTE-RQS-PB" Name="votingMachine_rqs_routed.pb"/>
  <File Type="ROUTE-STATUS" Name="votingMachine_route_status.rpt"/>
  <File Type="ROUTE-STATUS-PB" Name="votingMachine_route_status.pb"/>
  <File Type="ROUTE-TIMINGSUMMARY" Name="votingMachine_timing_summary_routed.rpt"/>
  <File Type="ROUTE-TIMING-PB" Name="votingMachine_timing_summary_routed.pb"/>
  <File Type="ROUTE-TIMING-RPX" Name="votingMachine_timing_summary_routed.rpx"/>
  <File Type="ROUTE-SIMILARITY" Name="votingMachine_incremental_reuse_routed.rpt"/>
  <File Type="ROUTE-CLK" Name="votingMachine_clock_utilization_routed.rpt"/>
  <File Type="ROUTE-BUS-SKEW" Name="votingMachine_bus_skew_routed.rpt"/>
  <File Type="ROUTE-BUS-SKEW-PB" Name="votingMachine_bus_skew_routed.pb"/>
  <File Type="ROUTE-BUS-SKEW-RPX" Name="votingMachine_bus_skew_routed.rpx"/>
  <File Type="POSTROUTE-PHYSOPT-DCP" Name="votingMachine_postroute_physopt.dcp"/>
  <File Type="POSTROUTE-PHYSOPT-BLACKBOX-DCP" Name="votingMachine_postroute_physopt_bb.dcp"/>
  <File Type="POSTROUTE-PHYSOPT-TIMING" Name="votingMachine_timing_summary_postroute_physopted.rpt"/>
  <File Type="POSTROUTE-PHYSOPT-TIMING-PB" Name="votingMachine_timing_summary_postroute_physopted.pb"/>
  <File Type="POSTROUTE-PHYSOPT-TIMING-RPX" Name="votingMachine_timing_summary_postroute_physopted.rpx"/>
  <File Type="POSTROUTE-PHYSOPT-BUS-SKEW" Name="votingMachine_bus_skew_postroute_physopted.rpt"/>
  <File Type="BG-BIT" Name="votingMachine.bit"/>
  <File Type="POSTROUTE-PHYSOPT-BUS-SKEW-PB" Name="votingMachine_bus_skew_postroute_physopted.pb"/>
  <File Type="POSTROUTE-PHYSOPT-BUS-SKEW-RPX" Name="votingMachine_bus_skew_postroute_physopted.rpx"/>
  <File Type="BITSTR-NKY" Name="votingMachine.nky"/>
  <File Type="BITSTR-BMM" Name="votingMachine_bd.bmm"/>
  <File Type="PDI-FILE" Name="votingMachine.pdi"/>
  <File Type="BOOT-PDI-FILE" Name="votingMachine_boot.pdi"/>
  <File Type="PL-PDI-FILE" Name="votingMachine_pld.pdi"/>
  <File Type="RCFI_FILE" Name="votingMachine.rcfi"/>
  <File Type="CFI_FILE" Name="votingMachine.cfi"/>
  <File Type="RNPI_FILE" Name="votingMachine.rnpi"/>
  <File Type="NPI_FILE" Name="votingMachine.npi"/>
  <File Type="RBD_FILE" Name="votingMachine.rbd"/>
  <File Type="BITSTR-LTX" Name="debug_nets.ltx"/>
  <File Type="BITSTR-LTX" Name="votingMachine.ltx"/>
  <File Type="BITSTR-SYSDEF" Name="votingMachine.sysdef"/>
  <File Type="BG-BGN" Name="votingMachine.bgn"/>
  <File Type="BG-DRC" Name="votingMachine.drc"/>
  <File Type="RDI-RDI" Name="votingMachine.vdi"/>
  <File Type="WBT-USG" Name="usage_statistics_webtalk.html"/>
  <File Type="ROUTE-RQS" Name="votingMachine_routed.rqs"/>
  <File Type="POSTROUTE-PHYSOPT-RQS" Name="votingMachine_postroute_physopted.rqs"/>
  <File Type="ROUTE-RQS-RPT" Name="route_report_qor_suggestions_0.rpt"/>
  <File Type="POSTROUTE-PHYSOPT-RQS-RPT" Name="postroute_physopt_report_qor_suggestions_0.rpt"/>
  <FileSet Name="sources" Type="DesignSrcs" RelSrcDir="$PSRCDIR/sources_1" RelGenDir="$PGENDIR/sources_1">
    <Filter Type="Srcs"/>
    <File Path="$PSRCDIR/sources_1/new/buttonControl.v">
      <FileInfo>
        <Attr Name="UsedIn" Val="synthesis"/>
        <Attr Name="UsedIn" Val="implementation"/>
        <Attr Name="UsedIn" Val="simulation"/>
      </FileInfo>
    </File>
    <File Path="$PSRCDIR/sources_1/new/modeControl.v">
      <FileInfo>
        <Attr Name="UsedIn" Val="synthesis"/>
        <Attr Name="UsedIn" Val="implementation"/>
        <Attr Name="UsedIn" Val="simulation"/>
      </FileInfo>
    </File>
    <File Path="$PSRCDIR/sources_1/new/seven_segment_decoder.v">
      <FileInfo>
        <Attr Name="UsedIn" Val="synthesis"/>
        <Attr Name="UsedIn" Val="implementation"/>
        <Attr Name="UsedIn" Val="simulation"/>
      </FileInfo>
    </File>
    <File Path="$PSRCDIR/sources_1/new/voteLogger.v">
      <FileInfo>
        <Attr Name="UsedIn" Val="synthesis"/>
        <Attr Name="UsedIn" Val="implementation"/>
        <Attr Name="UsedIn" Val="simulation"/>
      </FileInfo>
    </File>
    <File Path="$PSRCDIR/sources_1/new/votingMachine.v">
      <FileInfo>
        <Attr Name="UsedIn" Val="synthesis"/>
        <Attr Name="UsedIn" Val="implementation"/>
        <Attr Name="UsedIn" Val="simulation"/>
      </FileInfo>
    </File>
    <Config>
      <Option Name="DesignMode" Val="RTL"/>
      <Option Name="TopModule" Val="votingMachine"/>
    </Config>
  </FileSet>
  <FileSet Name="constrs_in" Type="Constrs" RelSrcDir="$PSRCDIR/constrs_2" RelGenDir="$PGENDIR/constrs_2">
    <File Path="$PSRCDIR/constrs_2/new/fgh.xdc">
      <FileInfo>
        <Attr Name="UsedIn" Val="synthesis"/>
        <Attr Name="UsedIn" Val="implementation"/>
      </FileInfo>
    </File>
    <Config>
      <Option Name="TargetConstrsFile" Val="$PSRCDIR/constrs_2/new/fgh.xdc"/>
      <Option Name="ConstrsType" Val="XDC"/>
    </Config>
  </FileSet>
  <FileSet Name="utils" Type="Utils" RelSrcDir="$PSRCDIR/utils_1" RelGenDir="$PGENDIR/utils_1">
    <Filter Type="Utils"/>
    <File Path="$PSRCDIR/utils_1/imports/synth_1/votingMachine.dcp">
      <FileInfo>
        <Attr Name="UsedIn" Val="synthesis"/>
        <Attr Name="UsedIn" Val="implementation"/>
        <Attr Name="UsedInSteps" Val="synth_1"/>
        <Attr Name="AutoDcp" Val="1"/>
      </FileInfo>
    </File>
    <Config>
      <Option Name="TopAutoSet" Val="TRUE"/>
    </Config>
  </FileSet>
  <Strategy Version="1" Minor="2">
    <StratHandle Name="Vivado Implementation Defaults" Flow="Vivado Implementation 2017"/>
    <Step Id="init_design"/>
    <Step Id="opt_design"/>
    <Step Id="power_opt_design"/>
    <Step Id="place_design"/>
    <Step Id="post_place_power_opt_design"/>
    <Step Id="phys_opt_design"/>
    <Step Id="route_design"/>
    <Step Id="post_route_phys_opt_design"/>
    <Step Id="write_bitstream"/>
  </Strategy>
</GenRun>
